,Drug Name , Rating , Number of Reviews , Availability , Drug Classes , Primary Use
0,Abilify  ,6.0,1119, Prescription only  , Atypical antipsychotics  , schizophrenia
1,Abilify Maintena  ,6.1,52, Prescription only  , Atypical antipsychotics  , schizophrenia
2,Abiraterone  ,8.3,38, Prescription only  , Miscellaneous antineoplastics  , prostate cancer
3,Acetaminophen  ,6.2,97, Rx and/or OTC  , Miscellaneous analgesics  , arthritis
4,Acetylcysteine  ,7.2,28, Rx and/or OTC  , Antidotes  , acetaminophen overdose
5,Actos  ,4.9,40, Prescription only  , Thiazolidinediones  , type 2 diabetes mellitus
6,Adderall XR  ,8.0,226, Prescription only  , CNS stimulants  , nerves
7,Advair  ,7.2,109, Prescription only  , Bronchodilator combinations  , asthma
8,Advair Diskus  ,7.2,109, Prescription only  , Bronchodilator combinations  , asthma
9,Advil  ,6.8,40, Rx and/or OTC  , Nonsteroidal anti-inflammatory drugs  , headache
10,Afinitor  ,5.4,20, Prescription only  , MTOR inhibitors  , kidney cancer
11,Aimovig  ,4.9,571, Prescription only  , CGRP inhibitors  , migraine
12,Ajovy  ,5.1,258, Prescription only  , CGRP inhibitors  , migraine
13,Alendronate  ,2.3,153, Prescription only  , Bisphosphonates  , osteoporosis
14,Aleve  ,7.0,149, Rx and/or OTC  , Nonsteroidal anti-inflammatory drugs  , arthritis
15,Allopurinol  ,7.4,83, Prescription only  , Antigout agents  , gout
16,Alprazolam  ,8.7,1418, Prescription only  , Benzodiazepines  , anxiety disorders
17,Amantadine  ,6.8,48, Prescription only  , Adamantane antivirals  , Parkinson's disease
18,Ambien  ,7.0,549, Prescription only  ," Miscellaneous anxiolytics, sedatives and hypnotics  ", insomnia
19,Amiodarone  ,4.8,89, Prescription only  , Group III antiarrhythmics  , ventricular tachycardia
20,Amitriptyline  ,7.5,1670, Prescription only  , Tricyclic antidepressants  , depression
21,Amoxicillin  ,6.3,350, Prescription only  , Aminopenicillins  , pneumonia
22,Amoxicillin and Clavulanate  ,5.2,873, Prescription only  , Beta-lactamase inhibitors  , None
23,Anastrozole  ,5.2,213, Prescription only  , Aromatase inhibitors  , breast cancer
24,Apixaban  ,5.0,244, Prescription only  , Factor Xa inhibitors  , atrial fibrillation
25,Apriso  ,6.6,29, Prescription only  , 5-aminosalicylates  , ulcerative colitis
26,Aptiom  ,6.6,36, Prescription only  , Dibenzazepine anticonvulsants  , partial-onset seizures
27,Aricept  ,5.3,36, Prescription only  , Cholinesterase inhibitors  , dementia
28,Arimidex  ,5.9,73, Prescription only  , Aromatase inhibitors  , breast cancer
29,Aripiprazole  ,6.0,1412, Prescription only  , Atypical antipsychotics  , schizophrenia
30,Aristada  ,3.2,14, Prescription only  , Atypical antipsychotics  , schizophrenia
31,Aromasin  ,4.5,18, Prescription only  , Aromatase inhibitors  , breast cancer
32,Aspirin  ,8.0,46, Rx and/or OTC  , Platelet aggregation inhibitors  , pain
33,Atenolol  ,7.3,264, Prescription only  , Cardioselective beta blockers  , angina
34,Ativan  ,8.0,455, Prescription only  , Benzodiazepine anticonvulsants  , anxiety disorders
35,Atomoxetine  ,5.2,576, Prescription only  , Adrenergic uptake inhibitors for ADHD  , ADHD
36,Atorvastatin  ,4.2,281, Prescription only  , Statins  , high cholesterol
37,Aubagio  ,5.3,81, Prescription only  , Selective immunosuppressants  , multiple sclerosis
38,Augmentin  ,5.4,431, Prescription only  , Beta-lactamase inhibitors  , None
39,Azathioprine  ,6.0,121, Prescription only  , Antirheumatics  , rheumatoid arthritis
40,Azilect  ,7.4,10, Prescription only  , Dopaminergic antiparkinsonism agents  , Parkinson's disease
41,Azithromycin  ,6.9,1267, Prescription only  , Macrolides  , ear infections
42,Baclofen  ,6.9,412, Prescription only  , Skeletal muscle relaxants  , multiple sclerosis
43,Bactrim  ,5.3,601, Prescription only  , Sulfonamides  , traveler's diarrhea
44,Bactroban  ,7.6,21, Prescription only  , Topical antibiotics  , impetigo
45,Balsalazide  ,6.3,31, Prescription only  , 5-aminosalicylates  , ulcerative colitis
46,Basaglar  ,2.4,144, Prescription only  , Insulin  , diabetes mellitus
47,Belsomra  ,3.6,508, Prescription only  ," Miscellaneous anxiolytics, sedatives and hypnotics  ", insomnia
48,Benadryl  ,7.1,71, Rx and/or OTC  , Anticholinergic antiemetics  , allergy symptoms
49,Benazepril  ,5.3,22, Prescription only  , Angiotensin Converting Enzyme Inhibitors  , high blood pressure
50,Benicar  ,7.3,114, Prescription only  , Angiotensin receptor blockers  , high blood pressure
51,Benlysta  ,7.7,49, Prescription only  , Selective immunosuppressants  , systemic lupus erythematosus (SLE)
52,Bentyl  ,7.5,127, Prescription only  , Anticholinergics / antispasmodics  , irritable bowel syndrome
53,Benzonatate  ,3.9,699, Prescription only  , Antitussives  , coughing
54,Benztropine  ,6.9,34, Prescription only  , Anticholinergic antiparkinson agents  , Parkinson's disease
55,Betamethasone  ,8.6,47, Prescription only  , Topical steroids  , eczema
56,Bethanechol  ,7.6,16, Prescription only  , Miscellaneous genitourinary tract agents  , urinary retention
57,Bevacizumab  ,7.7,33, Prescription only  , VEGF/VEGFR  inhibitors  , brain tumor
58,Bicalutamide  ,8.0,10, Prescription only  , Antiandrogens  , prostate cancer
59,Biktarvy  ,6.9,171, Prescription only  , Antiviral combinations  , human immunodeficiency virus (HIV
60,Biotin  ,5.4,50, Rx and/or OTC  , Vitamins  , weight loss
61,Bismuth subsalicylate  ,7.8,30, Rx and/or OTC  , Antidiarrheals  , diarrhea
62,Bisoprolol  ,6.5,94, Prescription only  , Cardioselective beta blockers  , hypertension
63,Boniva  ,3.2,90, Prescription only  , Bisphosphonates  , osteoporosis
64,Breo Ellipta  ,5.8,220, Prescription only  , Bronchodilator combinations  , asthma
65,Briviact  ,6.1,43, Prescription only  , Pyrrolidine anticonvulsants  , seizures
66,"Brompheniramine, dextromethorphan, and pseudoephedrine  ",5.2,57, Rx and/or OTC  , Upper respiratory combinations  , allergies
67,Budesonide  ,6.6,131, Prescription only  , Glucocorticoids  , Crohn's disease
68,Bunavail  ,6.2,62, Discontinued  , Narcotic analgesic combinations  , opioid addiction
69,Buprenorphine & Naloxone  ,7.8,1095, Prescription only  , Narcotic analgesic combinations  , pain
70,Bupropion  ,7.0,2729, Prescription only  , Miscellaneous antidepressants  , seasonal affective disorder
71,Bydureon  ,6.4,268, Prescription only  , Incretin mimetics  , type 2 diabetes mellitus
72,Cabometyx  ,8.1,8, Prescription only  , Multikinase inhibitors  , kidney cancer
73,Calcitriol  ,7.6,8, Prescription only  , Vitamins  , hyperparathyroidism
74,Caplyta  ,5.1,94, Prescription only  , Atypical antipsychotics  , schizophrenia
75,Carbamazepine  ,6.9,331, Prescription only  , Dibenzazepine anticonvulsants  , bipolar disorder
76,Carbidopa and levodopa  ,7.3,86, Prescription only  , Dopaminergic antiparkinsonism agents  , Parkinson's disease
77,Celebrex  ,7.0,211, Prescription only  , Cox-2 inhibitors  , arthritis
78,Celecoxib  ,7.0,253, Prescription only  , Cox-2 inhibitors  , arthritis
79,Celexa  ,7.3,857, Prescription only  , Selective serotonin reuptake inhibitors  , depression
80,Cephalexin  ,6.4,478, Prescription only  , First generation cephalosporins  , ear infections
81,Cequa  ,3.8,24, Prescription only  , Ophthalmic anti-inflammatory agents  , chronic dry eye
82,Cetirizine  ,5.8,282, Rx and/or OTC  , Antihistamines  , allergy symptoms
83,Chlorpheniramine  ,8.1,48, Rx and/or OTC  , Antihistamines  , runny nose
84,Chlorthalidone  ,3.9,39, Prescription only  , Thiazide diuretics  , edema
85,Cialis  ,8.5,537, Prescription only  , Impotence agents  , erectile dysfunction (impotence)
86,Cimzia  ,6.8,69, Prescription only  , TNF alfa inhibitors  , Crohn's disease
87,Cipro  ,5.3,317, Prescription only  , Quinolones  , anthrax
88,Ciprofloxacin  ,5.0,905, Prescription only  , Quinolones  , anthrax
89,Citalopram  ,7.5,2149, Prescription only  , Selective serotonin reuptake inhibitors  , depression
90,Clarithromycin  ,5.4,815, Prescription only  , Macrolides  , respiratory system
91,Claritin  ,3.4,45, Rx and/or OTC  , Antihistamines  , hay fever
92,Clobetasol  ,8.4,150, Prescription only  , Topical steroids  , plaque psoriasis
93,Clobex  ,8.9,39, Prescription only  , Topical steroids  , plaque psoriasis
94,Clonazepam  ,8.1,1992, Prescription only  , Benzodiazepine anticonvulsants  , seizures
95,Clonidine  ,7.1,720, Prescription only  ," Antiadrenergic agents, centrally acting  ", high blood pressure
96,Clopidogrel  ,6.9,89, Prescription only  , Platelet aggregation inhibitors  , heart attack
97,Codeine  ,7.8,59, Prescription only  , Antitussives  , None
98,Colace  ,5.8,14, Rx and/or OTC  , Laxatives  , constipation
99,Colazal  ,6.4,11, Prescription only  , 5-aminosalicylates  , ulcerative colitis
100,Colchicine  ,7.3,96, Prescription only  , Antigout agents  , pain
101,Concerta  ,6.8,402, Prescription only  , CNS stimulants  , attention deficit hyperactivity disorder (ADHD)
102,Coreg  ,7.6,40, Prescription only  , Non-cardioselective beta blockers  , heart failure
103,Cosentyx  ,6.0,204, Prescription only  , Interleukin inhibitors  , psoriasis
104,Coumadin  ,8.9,22, Prescription only  , Coumarins and indandiones  , stroke
105,Crestor  ,5.9,132, Prescription only  , Statins  , cholesterol
106,Cyanocobalamin  ,8.6,28, Rx and/or OTC  , Vitamins  , vitamin B12 deficiency
107,Cymbalta  ,6.2,1814, Prescription only  , Serotonin-norepinephrine reuptake inhibitors  , major depressive disorder
108,Dabigatran  ,7.1,98, Prescription only  , Thrombin inhibitors  , atrial fibrillation
109,Decadron  ,4.2,24, Discontinued  , Glucocorticoids  , ulcerative colitis
110,Degarelix  ,9.4,10, Prescription only  , Gonadotropin-releasing hormone antagonists  , prostate cancer
111,Delsym  ,3.3,237, Rx and/or OTC  , Antitussives  , common cold
112,Demerol  ,9.4,75, Prescription only  , Opioids (narcotic analgesics)  , manage the relief short-term pain
113,Denosumab  ,2.8,355, Prescription only  , Miscellaneous bone resorption inhibitors  , osteoporosis
114,Depakote  ,6.2,317, Prescription only  , Fatty acid derivative anticonvulsants  , seizures
115,Depo-Provera  ,4.2,1953, Prescription only  , Contraceptives  , contraceptive
116,Desloratadine  ,4.9,32, Prescription only  , Antihistamines  , allergies
117,Desmopressin  ,9.1,39, Prescription only  , Antidiuretic hormones  , central diabetes insipidus
118,Desvenlafaxine  ,6.9,1318, Prescription only  , Serotonin-norepinephrine reuptake inhibitors  , major depressive disorder
119,Desyrel  ,6.5,39, Prescription only  , Phenylpiperazine antidepressants  , major depressive disorder
120,Dexamethasone  ,6.0,141, Prescription only  , Glucocorticoids  , ulcerative colitis
121,Dexilant  ,6.6,199, Prescription only  , Proton pump inhibitors  , heartburn
122,Dextroamphetamine  ,8.2,261, Prescription only  , CNS stimulants  , nerves
123,Diazepam  ,8.5,804, Prescription only  , Benzodiazepine anticonvulsants  , anxiety
124,Diclofenac  ,7.3,670, Prescription only  , Nonsteroidal anti-inflammatory drugs  , osteoarthritis
125,Dicyclomine  ,7.4,274, Prescription only  , Anticholinergics / antispasmodics  , irritable bowel syndrome
126,Diflucan  ,6.0,142, Prescription only  , Azole antifungals  , bone marrow transplant
127,Digoxin  ,5.8,14, Prescription only  , Group V antiarrhythmics  , heart failure
128,Dilantin  ,7.4,81, Prescription only  , Group I antiarrhythmics  , seizures
129,Diltiazem  ,5.9,177, Prescription only  , Calcium channel blocking agents  , hypertension
130,Diovan  ,6.8,65, Prescription only  , Angiotensin receptor blockers  , high blood pressure
131,Divalproex sodium  ,6.5,486, Prescription only  , Fatty acid derivative anticonvulsants  , seizures
132,Donepezil  ,5.2,103, Prescription only  , Cholinesterase inhibitors  , Alzheimer's disease
133,Doxazosin  ,5.6,56, Prescription only  , Alpha-adrenoreceptor antagonists  , hypertension
134,Doxycycline  ,6.5,1586, Prescription only  , Miscellaneous antimalarials  , urinary tract infections
135,Doxylamine  ,6.4,218, Rx and/or OTC  ," Miscellaneous anxiolytics, sedatives and hypnotics  ", runny nose
136,Dramamine  ,8.8,52, Rx and/or OTC  , Anticholinergic antiemetics  , nausea
137,Dulaglutide  ,5.1,943, Prescription only  , Incretin mimetics  , diabetes mellitus
138,Dulcolax  ,5.2,1074, Over the counter  , Laxatives  , constipation
139,Duloxetine  ,6.1,2302, Prescription only  , Serotonin-norepinephrine reuptake inhibitors  , depression
140,Dutasteride  ,6.1,60, Prescription only  , 5-alpha-reductase inhibitors  , benign prostatic hyperplasia
141,Effexor XR  ,6.8,968, Prescription only  , Serotonin-norepinephrine reuptake inhibitors  , major depressive disorder
142,Elagolix  ,5.2,112, Prescription only  , Gonadotropin-releasing hormone antagonists  , endometriosis
143,Elavil  ,7.8,197, Discontinued  , Tricyclic antidepressants  , depression
144,Eligard  ,4.1,34, Prescription only  , Gonadotropin releasing hormones  , prostate cancer
145,Eliquis  ,4.9,204, Prescription only  , Factor Xa inhibitors  , atrial fibrillation
146,Emgality  ,4.7,409, Prescription only  , CGRP inhibitors  , calcitonin-gene related peptide antagonist
147,Empagliflozin  ,5.3,302, Prescription only  , SGLT-2 inhibitors  , diabetes mellitus
148,Enalapril  ,5.0,27, Prescription only  , Angiotensin Converting Enzyme Inhibitors  , high blood pressure
149,Enbrel  ,7.8,299, Prescription only  , Antirheumatics  , rheumatoid arthritis
150,Enoxaparin  ,7.2,26, Prescription only  , Heparins  , deep vein thrombosis
151,Entresto  ,4.8,177, Prescription only  , Angiotensin receptor blockers and neprilysin inhibitors  , heart failure
152,Entyvio  ,5.7,119, Prescription only  , Selective immunosuppressants  , ulcerative colitis
153,Enzalutamide  ,5.4,18, Prescription only  , Antiandrogens  , prostate cancer
154,Epclusa  ,7.8,340, Prescription only  , Antiviral combinations  , chronic hepatitis C
155,Eplerenone  ,4.8,10, Prescription only  , Aldosterone receptor antagonists  , heart failure
156,Epoetin alfa  ,5.1,9, Prescription only  , Recombinant human erythropoietins  , kidney failure
157,Ergocalciferol  ,6.7,31, Rx and/or OTC  , Vitamins  , hypoparathyroidism
158,Escitalopram  ,7.4,3621, Prescription only  , Selective serotonin reuptake inhibitors  , major depressive disorder
159,Esomeprazole  ,5.8,257, Rx and/or OTC  , Proton pump inhibitors  , gastroesophageal reflux disease
160,Estrace  ,7.4,12, Prescription only  , Estrogens  , menopause
161,Eszopiclone  ,5.6,408, Prescription only  ," Miscellaneous anxiolytics, sedatives and hypnotics  ", insomnia
162,Etanercept  ,7.9,312, Prescription only  , Antirheumatics  , rheumatoid arthritis
163,Etodolac  ,7.4,79, Prescription only  , Nonsteroidal anti-inflammatory drugs  , osteoarthritis
164,Euthyrox  ,1.6,156, Prescription only  , Thyroid drugs  , hypothyroidism
165,Evista  ,6.0,12, Prescription only  , Hormones / antineoplastics  , osteoporosis
166,Exemestane  ,4.8,86, Prescription only  , Aromatase inhibitors  , breast cancers
167,Ezetimibe  ,3.8,149, Prescription only  , Cholesterol absorption inhibitors  , high blood cholesterol
168,Famotidine  ,4.3,152, Rx and/or OTC  , H2 antagonists  , Zollinger-Ellison syndrome
169,Farxiga  ,4.5,135, Prescription only  , SGLT-2 inhibitors  , diabetes mellitus
170,Fasenra  ,7.1,46, Prescription only  , Interleukin inhibitors  , severe asthma
171,Faslodex  ,6.1,27, Prescription only  , Estrogen receptor antagonists  , breast cancer
172,Febuxostat  ,8.1,61, Prescription only  , Antihyperuricemic agents  , gout
173,Felodipine  ,5.1,17, Prescription only  , Calcium channel blocking agents  , high blood pressure
174,Femara  ,6.9,62, Prescription only  , Aromatase inhibitors  , breast cancer
175,Fenofibrate  ,5.8,67, Prescription only  , Fibric acid derivatives  , high cholesterol
176,Fentanyl  ,7.9,417, Prescription only  , Opioids (narcotic analgesics)  , moderate to severe pain
177,Ferrous Sulfate  ,5.3,41, Rx and/or OTC  , Iron products  , iron deficiency anemia
178,Fexofenadine  ,6.0,171, Rx and/or OTC  , Antihistamines  , allergy symptoms
179,Finasteride  ,4.5,279, Prescription only  , 5-alpha-reductase inhibitors  , benign prostatic hyperplasia
180,Firmagon  ,9.4,8, Prescription only  , Gonadotropin-releasing hormone antagonists  , prostate cancer
181,Flagyl  ,6.2,384, Prescription only  , Amebicides  , trichomoniasis
182,Flexeril  ,6.1,228, Discontinued  , Skeletal muscle relaxants  , skeletal muscle conditions
183,Flomax  ,5.9,283, Prescription only  , Alpha-adrenoreceptor antagonists  , benign prostatic hyperplasia
184,Flonase  ,5.0,168, Prescription only  , Nasal steroids  ," sneezing, runny nose,"
185,Florastor  ,6.0,16, Over the counter  , Antidiarrheals  , diarrhea
186,Flovent  ,6.3,34, Prescription only  , Inhaled corticosteroids  , asthma attacks
187,Flovent HFA  ,6.8,14, Prescription only  , Inhaled corticosteroids  , asthma
188,Fluconazole  ,6.4,507, Prescription only  , Azole antifungals  , meningitis
189,Fludrocortisone  ,7.5,40, Prescription only  , Mineralocorticoids  , Addison's disease
190,Fluocinonide  ,8.3,47, Prescription only  , Topical steroids  , plaque psoriasis
191,Fluoxetine  ,7.3,2073, Prescription only  , Selective serotonin reuptake inhibitors  , major depressive disorder
192,Fluphenazine  ,5.7,23, Prescription only  , Phenothiazine antipsychotics  , schizophrenia
193,Fluticasone and salmeterol  ,4.7,253, Prescription only  , Bronchodilator combinations  , asthma
194,Fluticasone nasal  ,5.2,302, Rx and/or OTC  , Nasal steroids  , nasal congestion
195,Fluvoxamine  ,6.7,350, Prescription only  , Selective serotonin reuptake inhibitors  , obsessive compulsive disorder
196,Focalin  ,5.7,131, Prescription only  , CNS stimulants  , attention deficit hyperactivity disorder (ADHD)
197,Focalin XR  ,7.1,110, Prescription only  , CNS stimulants  , ADHD
198,Folic Acid  ,5.3,9, Rx and/or OTC  , Vitamins  , Vitamin B12 deficiency
199,Fondaparinux  ,9.1,9, Prescription only  , Factor Xa inhibitors  , deep vein thrombosis
200,Forteo  ,5.2,147, Prescription only  , Parathyroid hormone and analogs  , osteoporosis
201,Fosamax  ,2.5,67, Prescription only  , Bisphosphonates  , menopause
202,Furosemide  ,6.5,109, Prescription only  , Loop diuretics  , fluid retention (edema)
203,Fycompa  ,5.5,59, Prescription only  , AMPA receptor antagonists  , partial onset seizures
204,Gabapentin  ,7.1,2422, Prescription only  , Gamma-aminobutyric acid analogs  , partial seizures
205,Galantamine  ,7.5,13, Prescription only  , Cholinesterase inhibitors  , dementia
206,Gas-X  ,7.7,19, Rx and/or OTC  , Miscellaneous GI agents  , Gas
207,Gemfibrozil  ,6.2,26, Prescription only  , Fibric acid derivatives  , atherosclerosis
208,Gemtesa  ,6.2,27, Prescription only  , Urinary antispasmodics  , overactive bladder
209,Genvoya  ,7.2,123, Prescription only  , Antiviral combinations  , human immunodeficiency virus (HIV)
210,Gilenya  ,7.0,92, Prescription only  , Selective immunosuppressants  , multiple sclerosis
211,Gleevec  ,8.6,34, Prescription only  , BCR-ABL tyrosine kinase inhibitors  , leukemia
212,Glimepiride  ,6.6,71, Prescription only  , Sulfonylureas  , diabetes mellitus
213,Glipizide  ,6.1,68, Prescription only  , Sulfonylureas  , diabetes mellitus
214,Glucophage  ,6.9,40, Discontinued  , Non-sulfonylureas  , type 2 diabetes mellitus
215,Glucophage XR  ,7.8,10, Discontinued  , Non-sulfonylureas  , diabetes mellitus
216,Glucosamine & Chondroitin with MSM  ,8.0,15, Over the counter  , Nutraceutical products  , osteoarthritis
217,Glucotrol  ,7.4,9, Prescription only  , Sulfonylureas  , diabetes mellitus
218,Glyburide  ,7.2,9, Prescription only  , Sulfonylureas  , type 2 diabetes mellitus
219,Glycopyrrolate  ,8.9,17, Prescription only  , Anticholinergic bronchodilators  , drooling
220,Glyxambi  ,6.5,22, Prescription only  , Antidiabetic combinations  , type 2 diabetes mellitus
221,GoLYTELY  ,6.3,74, Prescription only  , Laxatives  , colonoscopy
222,Gralise  ,6.5,11, Prescription only  , Gamma-aminobutyric acid analogs  , pain from damaged nerves (neuropathic pain)
223,Granisetron  ,6.5,18, Prescription only  , 5HT3 receptor antagonists  , nausea
224,Griseofulvin  ,4.9,15, Prescription only  , Miscellaneous antifungals  , ringworm
225,Guanfacine  ,5.9,295, Prescription only  ," Antiadrenergic agents, centrally acting  ", high blood pressure
226,Halcion  ,7.9,31, Prescription only  , Benzodiazepines  , insomnia
227,Haldol  ,4.3,60, Prescription only  , Miscellaneous antipsychotic agents  , schizophrenia
228,Halobetasol  ,8.3,26, Prescription only  , Topical steroids  , plaque psoriasis
229,Haloperidol  ,4.1,185, Prescription only  , Miscellaneous antipsychotic agents  , schizophrenia
230,Harvoni  ,8.6,396, Prescription only  , Antiviral combinations  , HIV
231,Herceptin  ,8.8,10, Prescription only  , HER2 inhibitors  , breast cancer
232,Horizant  ,7.6,35, Prescription only  , Gamma-aminobutyric acid analogs  , nerve pain (postherpetic neuralgia)
233,Humalog  ,6.8,19, Prescription only  , Insulin  , diabetes mellitus
234,Humira  ,6.2,655, Prescription only  , Antirheumatics  , rheumatoid arthritis
235,Hydralazine  ,2.8,82, Prescription only  , Vasodilators  , high blood pressure
236,Hydrea  ,7.2,8, Prescription only  , Antimetabolites  , chronic myeloid leukemia
237,Hydrochlorothiazide  ,5.2,178, Prescription only  , Thiazide diuretics  , high blood pressure
238,Hydrochlorothiazide and lisinopril  ,5.6,75, Prescription only  , ACE inhibitors with thiazides  , high blood pressure
239,Hydrochlorothiazide and losartan  ,6.3,59, Prescription only  , Angiotensin II inhibitors with thiazides  , high blood pressure
240,Hydrochlorothiazide and olmesartan  ,6.2,31, Prescription only  , Angiotensin II inhibitors with thiazides  , high blood pressure
241,Hydrochlorothiazide and telmisartan  ,6.9,18, Prescription only  , Angiotensin II inhibitors with thiazides  , high blood pressure
242,Hydrochlorothiazide and triamterene  ,5.9,64, Prescription only  , Potassium sparing diuretics with thiazides  , edema
243,Hydrochlorothiazide and valsartan  ,6.8,24, Prescription only  , Angiotensin II inhibitors with thiazides  , high blood pressure
244,Hydrocodone  ,5.6,192, Prescription only  , Antitussives  , severe pain
245,Hydrocodone and ibuprofen  ,8.6,74, Prescription only  , Narcotic analgesic combinations  , pain
246,Hydrocortisone  ,7.5,26, Prescription only  , Glucocorticoids  , ulcerative colitis
247,Hydromorphone  ,8.0,439, Prescription only  , Opioids (narcotic analgesics)  , pain
248,Hydroxychloroquine  ,6.5,343, Prescription only  , Antimalarial quinolines  , malaria
249,Hydroxyurea  ,6.7,35, Prescription only  , Antimetabolites  , chronic myeloid leukemia
250,Hyoscyamine  ,7.8,102, Prescription only  , Anticholinergics / antispasmodics  , peptic ulcer
251,Hyzaar  ,6.6,21, Prescription only  , Angiotensin II inhibitors with thiazides  , high blood pressure
252,Ibrance  ,6.6,69, Prescription only  , CDK 4/6 inhibitors  , breast cancer
253,Ibuprofen  ,7.3,224, Rx and/or OTC  , Nonsteroidal anti-inflammatory drugs  , headache
254,Imatinib  ,8.8,42, Prescription only  , BCR-ABL tyrosine kinase inhibitors  , leukemia
255,Imbruvica  ,5.4,45, Prescription only  , BTK inhibitors  , chronic lymphocytic leukemia
256,Imdur  ,6.1,19, Discontinued  , Antianginal agents  , angina attacks
257,Imipramine  ,6.9,71, Prescription only  , Tricyclic antidepressants  , depression
258,Imitrex  ,7.8,200, Prescription only  , Antimigraine agents  , headache
259,Imodium A-D  ,8.4,17, Rx and/or OTC  , Antidiarrheals  , diarrhea
260,Imuran  ,5.9,64, Prescription only  , Antirheumatics  , rheumatoid arthritis
261,Incruse Ellipta  ,2.8,29, Prescription only  , Anticholinergic bronchodilators  , COPD (chronic obstructive pulmonary disease
262,Indapamide  ,4.5,20, Prescription only  , Thiazide diuretics  , edema
263,Inderal  ,7.6,73, Discontinued  , Group II antiarrhythmics  , angina
264,Indomethacin  ,7.7,203, Prescription only  , Nonsteroidal anti-inflammatory drugs  , osteoarthritis
265,Insulin Aspart  ,5.7,37, Prescription only  , Insulin  , diabetes mellitus
266,Insulin Detemir  ,5.7,47, Prescription only  , Insulin  , diabetes mellitus
267,Insulin glargine  ,4.0,275, Prescription only  , Insulin  , diabetes mellitus
268,Insulin Lispro  ,3.7,86, Prescription only  , Insulin  , diabetes mellitus
269,Insulin Regular  ,7.6,21, Rx and/or OTC  , Insulin  , diabetes mellitus
270,Intuniv  ,6.2,155, Prescription only  ," Antiadrenergic agents, centrally acting  ", attention deficit hyperactivity disorder (ADHD)
271,Invega  ,4.7,209, Prescription only  , Atypical antipsychotics  , schizophrenia
272,Invega Sustenna  ,3.6,174, Prescription only  , Atypical antipsychotics  , schizophrenia
273,Invokana  ,5.8,257, Prescription only  , SGLT-2 inhibitors  , diabetes mellitus
274,Irbesartan  ,4.5,98, Prescription only  , Angiotensin receptor blockers  , high blood pressure
275,Isoniazid  ,5.5,28, Prescription only  , Hydrazide derivatives  , tuberculosis
276,Isosorbide  ,5.0,88, Prescription only  , Antianginal agents  , angina attacks
277,Isotretinoin  ,8.0,1038, Prescription only  , Miscellaneous antineoplastics  , acne
278,Ivabradine  ,6.3,16, Prescription only  , Miscellaneous cardiovascular agents  , heart failure
279,Jakafi  ,6.2,18, Prescription only  , Multikinase inhibitors  , polycythemia vera
280,Jalyn  ,6.1,20, Prescription only  , 5-alpha-reductase inhibitors  , benign prostatic hyperplasia (BPH)
281,Janumet  ,6.0,64, Prescription only  , Antidiabetic combinations  , type 2 diabetes mellitus
282,Januvia  ,4.6,125, Prescription only  , Dipeptidyl peptidase 4 inhibitors  , type 2 diabetes mellitus
283,Jardiance  ,5.3,288, Prescription only  , SGLT-2 inhibitors  , diabetes mellitus
284,Jentadueto  ,6.0,16, Prescription only  , Antidiabetic combinations  , type 2 diabetes mellitus
285,Jolivette  ,5.0,111, Discontinued  , Contraceptives  , birth control
286,Jublia  ,5.5,222, Prescription only  , Topical antifungals  , onychomycosis
287,Kadian  ,8.1,48, Prescription only  , Opioids (narcotic analgesics)  , moderate to severe pain
288,Kapvay  ,7.4,18, Prescription only  ," Antiadrenergic agents, centrally acting  ", attention deficit hyperactivity disorder (ADHD)
289,Keflex  ,7.3,86, Prescription only  , First generation cephalosporins  , ear infections
290,Keppra  ,5.7,289, Prescription only  , Pyrrolidine anticonvulsants  , epilepsy
291,Kesimpta  ,6.0,30, Prescription only  , CD20 monoclonal antibodies  , multiple sclerosis (MS)
292,Ketamine  ,4.9,144, Prescription only  , General anesthetics  , pain
293,Ketoconazole  ,6.9,25, Prescription only  , Azole antifungals  , liver transplant
294,Ketoconazole topical  ,6.9,40, Rx and/or OTC  , Topical antifungals  , athlete's foot
295,Ketoprofen  ,9.4,28, Rx and/or OTC  , Nonsteroidal anti-inflammatory drugs  , pain
296,Ketorolac ophthalmic  ,7.5,9, Prescription only  , Ophthalmic anti-inflammatory agents  , pain
297,Ketotifen ophthalmic  ,7.0,21, Over the counter  , Ophthalmic antihistamines and decongestants  , runny nose
298,Kevzara  ,5.5,20, Prescription only  , Antirheumatics  , rheumatoid arthritis
299,Kisqali  ,8.8,12, Prescription only  , CDK 4/6 inhibitors  , breast cancer
300,Klonopin  ,8.5,725, Prescription only  , Benzodiazepine anticonvulsants  , seizures
301,Klor-Con  ,6.4,11, Rx and/or OTC  , Minerals and electrolytes  , hypokalemia
302,Kombiglyze XR  ,5.0,17, Prescription only  , Antidiabetic combinations  , type 2 diabetes mellitus
303,Labetalol  ,5.8,21, Prescription only  , Non-cardioselective beta blockers  , high blood pressure
304,Lactulose  ,7.5,132, Prescription only  , Laxatives  , constipation
305,Lamictal  ,7.9,709, Prescription only  , Triazine anticonvulsants  , seizures
306,Lamotrigine  ,7.7,1627, Prescription only  , Triazine anticonvulsants  , seizures
307,Lansoprazole  ,6.5,136, Rx and/or OTC  , Proton pump inhibitors  , erosive esophagitis
308,Lantus  ,6.6,40, Prescription only  , Insulin  , diabetes mellitus
309,Lasix  ,6.2,53, Prescription only  , Loop diuretics  , edema
310,Latuda  ,6.3,805, Prescription only  , Atypical antipsychotics  , schizophrenia
311,Leflunomide  ,5.1,104, Prescription only  , Antirheumatics  , rheumatoid arthritis
312,Letrozole  ,6.4,328, Prescription only  , Aromatase inhibitors  , breast cancer
313,Leuprolide  ,5.6,359, Prescription only  , Gonadotropin releasing hormones  , prostate cancer
314,Levaquin  ,5.2,414, Prescription only  , Quinolones  , plague
315,Levemir  ,5.6,42, Prescription only  , Insulin  , diabetes mellitus
316,Levocetirizine  ,5.5,333, Rx and/or OTC  , Antihistamines  , runny nose
317,Levofloxacin  ,5.1,724, Prescription only  , Quinolones  , plague
318,Levothyroxine  ,5.1,839, Prescription only  , Thyroid drugs  , hypothyroidism (low thyroid hormone)
319,Lialda  ,7.0,102, Prescription only  , 5-aminosalicylates  , ulcerative colitis
320,Liletta  ,5.5,622, Prescription only  , Contraceptives  , heavy menstrual bleeding
321,Linzess  ,6.6,830, Prescription only  , Guanylate cyclase-C agonists  , constipation
322,Liraglutide  ,7.6,2246, Prescription only  , Incretin mimetics  , diabetes mellitus
323,Lisdexamfetamine  ,7.4,980, Prescription only  , CNS stimulants  , nerves
324,Lisinopril  ,5.0,608, Prescription only  , Angiotensin Converting Enzyme Inhibitors  , high blood pressure
325,Lithium  ,7.2,462, Prescription only  , Antimanic agents  , bipolar disorder
326,Loestrin 24 Fe   ,5.6,1526, Prescription only  , Contraceptives  , birth control pill
327,Lofexidine  ,6.2,37, Prescription only  ," Antiadrenergic agents, centrally acting  ", opioid withdrawal
328,Lomotil  ,7.9,45, Prescription only  , Antidiarrheals  , diarrhea
329,Loperamide  ,8.5,77, Rx and/or OTC  , Antidiarrheals  , diarrhea
330,Loratadine  ,4.7,127, Rx and/or OTC  , Antihistamines  , hay fever
331,Lorazepam  ,7.9,993, Prescription only  , Benzodiazepine anticonvulsants  , anxiety
332,Losartan  ,4.5,539, Prescription only  , Angiotensin receptor blockers  , high blood pressure (hypertension)
333,Lovastatin  ,6.4,18, Prescription only  , Statins  , heart attack
334,Lovenox  ,6.9,19, Prescription only  , Heparins  , deep vein thrombosis (DVT)
335,Lunesta  ,5.8,314, Prescription only  ," Miscellaneous anxiolytics, sedatives and hypnotics  ", insomnia
336,Lupron Depot  ,5.8,204, Prescription only  , Gonadotropin releasing hormones  , prostate cancer
337,Lurasidone  ,6.3,892, Prescription only  , Atypical antipsychotics  , schizophrenia
338,Lyrica  ,6.4,910, Prescription only  , Gamma-aminobutyric acid analogs  , seizures
339,Macrobid  ,4.5,793, Prescription only  , Urinary anti-infectives  , urinary tract infections
340,Magnesium oxide  ,8.0,19, Rx and/or OTC  , Minerals and electrolytes  , nerves
341,Mavyret  ,8.5,391, Prescription only  , Antiviral combinations  , hepatitis C
342,Medrol  ,5.5,13, Prescription only  , Glucocorticoids  , lupus
343,Memantine  ,5.1,74, Prescription only  , Miscellaneous central nervous system agents  , Alzheimer's disease
344,Mesalamine  ,7.0,392, Prescription only  , 5-aminosalicylates  , ulcerative colitis
345,Metamucil  ,6.5,65, Over the counter  , Laxatives  , constipation
346,Methadone  ,8.7,583, Prescription only  , Opioids (narcotic analgesics)  , withdrawal symptoms
347,Methimazole  ,5.5,101, Prescription only  , Antithyroid agents  , hyperthyroidism
348,Methocarbamol  ,6.3,286, Prescription only  , Skeletal muscle relaxants  , tetanus
349,Methotrexate  ,6.6,277, Prescription only  , Antimetabolites  , leukemia
350,Methylphenidate  ,7.1,999, Prescription only  , CNS stimulants  , attention deficit hyperactivity disorder (ADHD)
351,Methylprednisolone  ,7.0,441, Prescription only  , Glucocorticoids  , arthritis
352,Metoclopramide  ,3.9,498, Prescription only  , GI stimulants  , heartburn
353,Metoprolol  ,5.7,603, Prescription only  , Cardioselective beta blockers  , angina
354,Metronidazole  ,6.1,2369, Prescription only  , Amebicides  , trichomoniasis
355,Midodrine  ,6.1,38, Prescription only  , Miscellaneous cardiovascular agents  , low blood pressure
356,Mirtazapine  ,6.7,1879, Prescription only  , Tetracyclic antidepressants  , major depressive disorder
357,Mobic  ,7.4,133, Prescription only  , Nonsteroidal anti-inflammatory drugs  , rheumatoid arthritis
358,Modafinil  ,7.2,479, Prescription only  , CNS stimulants  , wakefulness
359,Montelukast  ,5.4,537, Prescription only  , Leukotriene modifiers  , asthma
360,Morphine  ,7.5,366, Prescription only  , Opioids (narcotic analgesics)  , moderate to severe pain
361,Mounjaro  ,6.1,88, Prescription only  , Incretin mimetics  , type 2 diabetes
362,Mucinex  ,6.3,144, Rx and/or OTC  , Expectorants  , common cold
363,Mupirocin topical  ,6.3,45, Prescription only  , Topical antibiotics  , impetigo
364,Myrbetriq  ,4.8,258, Prescription only  , Urinary antispasmodics  , overactive bladder
365,Nabumetone  ,5.7,90, Prescription only  , Nonsteroidal anti-inflammatory drugs  , pain
366,Nadolol  ,8.1,40, Prescription only  , Non-cardioselective beta blockers  , angina
367,Naloxone  ,7.5,26, Prescription only  , Antidotes  , opioid overdose
368,Naltrexone  ,8.0,552, Prescription only  , Antidotes  , alcohol use disorder
369,Namenda  ,5.0,28, Prescription only  , Miscellaneous central nervous system agents  , Alzheimer's
370,Naprosyn  ,7.2,34, Rx and/or OTC  , Nonsteroidal anti-inflammatory drugs  , rheumatoid arthritis
371,Naproxen  ,6.8,660, Rx and/or OTC  , Nonsteroidal anti-inflammatory drugs  , arthritis
372,Nebivolol  ,6.1,258, Prescription only  , Cardioselective beta blockers  , high blood pressure
373,Nefazodone  ,9.4,157, Prescription only  , Phenylpiperazine antidepressants  , depression
374,Nerlynx  ,5.3,16, Prescription only  , EGFR inhibitors  , breast cancer
375,Neulasta  ,5.4,69, Prescription only  , Colony stimulating factors  , neutropenia
376,Neupro  ,7.6,63, Prescription only  , Dopaminergic antiparkinsonism agents  , Parkinson's disease
377,Neurontin  ,7.3,193, Prescription only  , Gamma-aminobutyric acid analogs  , neuropathic pain (nerve pain)
378,Nexium  ,6.0,205, Prescription only  , Proton pump inhibitors  , gastroesophageal reflux disease
379,Nitrofurantoin  ,4.3,1783, Prescription only  , Urinary anti-infectives  , urinary tract infections
380,Norco  ,6.4,358, Discontinued  , Narcotic analgesic combinations  , pain
381,Norethindrone  ,4.8,1496, Prescription only  , Contraceptives  , birth control
382,Norflex  ,7.0,34, Discontinued  , Skeletal muscle relaxants  , pain
383,Nortriptyline  ,7.3,526, Prescription only  , Tricyclic antidepressants  , depression
384,Norvasc  ,4.5,104, Prescription only  , Calcium channel blocking agents  , (angina)
385,NovoLog  ,5.3,26, Prescription only  , Insulin  , diabetes mellitus
386,NP Thyroid  ,3.3,235, Prescription only  , Thyroid drugs  , low thyroid
387,Nucynta  ,6.2,271, Prescription only  , Opioids (narcotic analgesics)  , moderate to severe pain
388,Nurtec ODT  ,5.3,201, Prescription only  , CGRP inhibitors  , migraines
389,Ocrevus  ,4.4,141, Prescription only  , CD20 monoclonal antibodies  , multiple sclerosis
390,Odefsey  ,8.4,10, Prescription only  , Antiviral combinations  , Human Immunodeficiency Virus-1 (HIV-1)
391,Ofloxacin  ,4.7,13, Prescription only  , Quinolones  , pelvic inflammatory disease
392,Olanzapine  ,5.8,987, Prescription only  , Atypical antipsychotics  , schizophrenia
393,Olaparib  ,7.5,16, Prescription only  , PARP inhibitors  , cancer
394,Olmesartan  ,6.4,186, Prescription only  , Angiotensin receptor blockers  , high blood pressure
395,Olopatadine ophthalmic  ,5.3,131, Rx and/or OTC  , Ophthalmic antihistamines and decongestants  , allergies
396,Olux  ,9.2,12, Prescription only  , Topical steroids  , plaque psoriasis
397,Omalizumab  ,7.6,227, Prescription only  , Selective immunosuppressants  , asthma
398,Omega-3 polyunsaturated fatty acids  ,5.9,42, Rx and/or OTC  , Nutraceutical products  , heart attack
399,Ondansetron  ,7.7,462, Prescription only  , 5HT3 receptor antagonists  , chemotherapy
400,Onfi  ,5.8,11, Prescription only  , Benzodiazepine anticonvulsants  , seizures
401,Onglyza  ,5.9,15, Prescription only  , Dipeptidyl peptidase 4 inhibitors  , type 2 diabetes mellitus
402,Orencia  ,5.9,61, Prescription only  , Antirheumatics  , rheumatoid arthritis
403,Orphenadrine  ,6.8,77, Prescription only  , Skeletal muscle relaxants  , pain
404,Oseltamivir  ,6.0,588, Prescription only  , Neuraminidase inhibitors  , influenza
405,Osimertinib  ,6.4,28, Prescription only  , EGFR inhibitors  , non-small cell lung cancer
406,Otezla  ,5.0,409, Prescription only  , Antirheumatics  , psoriatic arthritis
407,Oxazepam  ,8.1,77, Prescription only  , Benzodiazepines  , anxiety
408,Oxcarbazepine  ,7.6,343, Prescription only  , Dibenzazepine anticonvulsants  , seizures
409,Oxybutynin  ,6.6,424, Rx and/or OTC  , Urinary antispasmodics  , overactive bladder
410,Oxycodone  ,7.0,1105, Prescription only  , Opioids (narcotic analgesics)  , moderate to severe pain
411,Oxycontin  ,8.6,291, Prescription only  , Opioids (narcotic analgesics)  , severe pain
412,Oxymetazoline nasal  ,4.6,217, Over the counter  , Nasal antihistamines and decongestants  , nasal congestion
413,Ozempic  ,5.8,755, Prescription only  , Incretin mimetics  , type 2 diabetes
414,Paclitaxel  ,7.2,10, Prescription only  , Mitotic inhibitors  ," cancer, ovarian"
415,Pantoprazole  ,4.9,405, Prescription only  , Proton pump inhibitors  , gastroesophageal reflux disease
416,Paroxetine  ,7.1,1469, Prescription only  , Selective serotonin reuptake inhibitors  , depression
417,Paxil  ,7.0,926, Prescription only  , Selective serotonin reuptake inhibitors  , depression
418,Pentasa  ,7.7,86, Prescription only  , 5-aminosalicylates  , ulcerative colitis
419,Pepcid  ,6.6,9, Prescription only  , H2 antagonists  , Zollinger-Ellison syndrome
420,Percocet  ,8.6,230, Prescription only  , Narcotic analgesic combinations  , pain
421,Phenazopyridine  ,6.9,176, Rx and/or OTC  , Miscellaneous genitourinary tract agents  , pain
422,Phenobarbital  ,8.7,30, Prescription only  , Barbiturate anticonvulsants  , seizures
423,Phentermine  ,8.7,2980, Prescription only  , Anorexiants  , obesity
424,Phenylephrine  ,6.0,19, Rx and/or OTC  , Decongestants  , common cold
425,Phenytoin  ,7.3,108, Prescription only  , Group I antiarrhythmics  , seizures
426,Pioglitazone  ,4.6,50, Prescription only  , Thiazolidinediones  , diabetes mellitus
427,Plaquenil  ,6.5,156, Prescription only  , Antimalarial quinolines  , malaria
428,Plavix  ,7.4,64, Prescription only  , Platelet aggregation inhibitors  , stroke
429,Polyethylene glycol 3350  ,7.1,313, Rx and/or OTC  , Laxatives  , constipation
430,Potassium Chloride  ,6.0,30, Rx and/or OTC  , Minerals and electrolytes  , low blood levels of potassium (hypokalemia)
431,Pradaxa  ,7.1,94, Prescription only  , Thrombin inhibitors  , atrial fibrillation
432,Praluent  ,5.9,181, Prescription only  , PCSK9 inhibitors  , hypercholesterolemia
433,Pramipexole  ,6.7,225, Prescription only  , Dopaminergic antiparkinsonism agents  , Parkinson's disease
434,Pravastatin  ,4.2,70, Prescription only  , Statins  , heart attack
435,Prazosin  ,6.8,259, Prescription only  ," Antiadrenergic agents, peripherally acting  ", high blood pressure
436,Prednisolone  ,6.3,45, Prescription only  , Glucocorticoids  , lupus
437,Pregabalin  ,6.7,1562, Prescription only  , Gamma-aminobutyric acid analogs  , seizures
438,Premarin  ,7.6,77, Prescription only  , Estrogens  , menopause
439,Prilosec  ,6.7,50, Prescription only  , Proton pump inhibitors  , gastroesophageal reflux disease (GERD)
440,Primidone  ,5.9,102, Prescription only  , Barbiturate anticonvulsants  , seizures
441,Pristiq  ,6.9,1088, Prescription only  , Serotonin-norepinephrine reuptake inhibitors  , major depressive disorder
442,Promacta  ,6.2,11, Prescription only  , Platelet-stimulating agents  , immune thrombocytopenic purpura
443,Promethazine  ,7.2,360, Prescription only  , Antihistamines  , allergy symptoms
444,Promethazine DM  ,4.6,25, Prescription only  , Upper respiratory combinations  , runny nose
445,Propranolol  ,8.2,1273, Prescription only  , Group II antiarrhythmics  , angina
446,Protonix  ,7.2,80, Prescription only  , Proton pump inhibitors  , gastroesophageal reflux disease
447,Prozac  ,7.2,1162, Prescription only  , Selective serotonin reuptake inhibitors  , major depressive disorder
448,QNASL  ,7.5,22, Prescription only  , Nasal steroids  , nasal allergy symptoms
449,Qsymia  ,7.7,557, Prescription only  , Anorexiants  , obesity
450,Quazepam  ,9.8,13, Prescription only  , Benzodiazepines  , insomnia
451,Quetiapine  ,7.2,2077, Prescription only  , Atypical antipsychotics  , schizophrenia
452,Quillivant XR  ,5.4,21, Prescription only  , CNS stimulants  , attention deficit hyperactivity disorder (ADHD)
453,Quinapril  ,5.6,11, Prescription only  , Angiotensin Converting Enzyme Inhibitors  , high blood pressure
454,Quinine  ,8.9,20, Prescription only  , Antimalarial quinolines  , malaria
455,Qvar Redihaler  ,3.5,182, Prescription only  , Inhaled corticosteroids  , asthma
456,Rabeprazole  ,8.2,81, Prescription only  , Proton pump inhibitors  , gastroesophageal reflux disease
457,Raloxifene  ,5.2,18, Prescription only  , Hormones / antineoplastics  , osteoporosis
458,Ramelteon  ,4.1,145, Prescription only  ," Miscellaneous anxiolytics, sedatives and hypnotics  ", insomnia
459,Ramipril  ,5.7,121, Prescription only  , Angiotensin Converting Enzyme Inhibitors  , high blood pressure (hypertension)
460,Ranexa  ,7.0,67, Prescription only  , Antianginal agents  , angina
461,Ranitidine  ,7.3,161, Discontinued  , H2 antagonists  , gastroesophageal reflux disease (GERD)
462,Ranolazine  ,7.1,82, Prescription only  , Antianginal agents  , angina
463,Reclast  ,5.2,219, Prescription only  , Bisphosphonates  , osteoporosis
464,Reglan  ,3.7,333, Prescription only  , GI stimulants  , heartburn
465,Relafen  ,6.9,36, Discontinued  , Nonsteroidal anti-inflammatory drugs  , rheumatoid arthritis
466,Remeron  ,7.2,294, Prescription only  , Tetracyclic antidepressants  , Major Depressive Disorder (MDD)
467,Remicade  ,7.1,183, Prescription only  , Antirheumatics  , rheumatoid arthritis
468,Repatha  ,4.4,465, Prescription only  , PCSK9 inhibitors  , high cholesterol
469,Requip  ,6.0,120, Discontinued  , Dopaminergic antiparkinsonism agents  , Parkinson's disease
470,Restoril  ,6.8,107, Prescription only  , Benzodiazepines  , insomnia
471,Revlimid  ,6.9,20, Prescription only  , Miscellaneous antineoplastics  , multiple myeloma
472,Rexulti  ,6.4,401, Prescription only  , Atypical antipsychotics  , schizophrenia
473,Reyvow  ,4.5,18, Prescription only  , Antimigraine agents  , migraine
474,Rifampin  ,6.2,21, Prescription only  , Rifamycin derivatives  , tuberculosis
475,Rifaximin  ,6.6,145, Prescription only  , Miscellaneous antibiotics  , diarrhea
476,Rinvoq  ,5.9,82, Prescription only  , Antirheumatics  , rheumatoid arthritis
477,Risedronate  ,2.7,74, Prescription only  , Bisphosphonates  , osteoporosis
478,Risperdal  ,6.0,238, Prescription only  , Atypical antipsychotics  , schizophrenia
479,Risperidone  ,5.4,688, Prescription only  , Atypical antipsychotics  , schizophrenia
480,Ritalin  ,7.0,200, Prescription only  , CNS stimulants  , attention deficit hyperactivity disorder (ADHD)
481,Rivaroxaban  ,5.4,235, Prescription only  , Factor Xa inhibitors  , venous thromboembolism
482,Rivastigmine  ,5.8,37, Prescription only  , Cholinesterase inhibitors  , dementia
483,Rizatriptan  ,8.3,316, Prescription only  , Antimigraine agents  , headache
484,Robaxin  ,6.4,77, Prescription only  , Skeletal muscle relaxants  , tetanus
485,Rocephin  ,8.5,118, Discontinued  , Third generation cephalosporins  , pneumonia
486,Roflumilast  ,7.0,65, Prescription only  , Selective phosphodiesterase-4 inhibitors  , COPD
487,Ropinirole  ,6.4,315, Prescription only  , Dopaminergic antiparkinsonism agents  , Parkinson's disease
488,Rosuvastatin  ,5.1,231, Prescription only  , Statins  , high cholesterol
489,Rybelsus  ,5.7,160, Prescription only  , Incretin mimetics  , type 2 diabetes mellitus
490,Rytary  ,5.8,26, Prescription only  , Dopaminergic antiparkinsonism agents  , Parkinson's disease
491,Saxenda  ,7.5,1383, Prescription only  , Incretin mimetics  , obese
492,secukinumab  ,6.0,211, Prescription only  , Interleukin inhibitors  , psoriasis
493,Selegiline  ,7.8,63, Prescription only  , Dopaminergic antiparkinsonism agents  , Parkinson's disease
494,Senna  ,5.2,286, Rx and/or OTC  , Laxatives  , constipation
495,Senokot  ,5.3,156, Rx and/or OTC  , Laxatives  , constipation
496,Seroquel  ,7.0,646, Prescription only  , Atypical antipsychotics  , schizophrenia
497,Sertraline  ,7.2,4134, Prescription only  , Selective serotonin reuptake inhibitors  , premenstrual dysphoric disorder
498,Sevelamer  ,5.4,15, Prescription only  , Phosphate binders  , hypocalcemia
499,Shingrix  ,5.2,602, Prescription only  , Viral vaccines  , Herpes zoster
500,Sildenafil  ,8.2,484, Prescription only  , Agents for pulmonary hypertension  , erectile dysfunction
501,Simethicone  ,7.2,43, Rx and/or OTC  , Miscellaneous GI agents  , gas
502,Simponi  ,6.2,100, Prescription only  , TNF alfa inhibitors  , rheumatoid arthritis
503,Simvastatin  ,4.8,127, Prescription only  , Statins  , cholesterol
504,Sinemet  ,7.7,29, Prescription only  , Dopaminergic antiparkinsonism agents  , Parkinson's disease
505,Singulair  ,6.5,204, Prescription only  , Leukotriene modifiers  , asthma
506,Sitagliptin  ,4.6,134, Prescription only  , Dipeptidyl peptidase 4 inhibitors  , diabetes mellitus
507,Skyrizi  ,7.6,18, Prescription only  , Interleukin inhibitors  , plaque psoriasis
508,Sofosbuvir  ,7.6,50, Prescription only  , Miscellaneous antivirals  , chronic hepatitis C
509,Solifenacin  ,5.4,187, Prescription only  , Urinary antispasmodics  , multiple sclerosis
510,Soliqua  ,4.3,15, Prescription only  , Antidiabetic combinations  , type 2 diabetes
511,Soma  ,9.1,196, Prescription only  , Skeletal muscle relaxants  , skeletal muscle conditions
512,Sotalol  ,6.5,54, Prescription only  , Group III antiarrhythmics  , atrial fibrillation
513,Sovaldi  ,7.7,47, Prescription only  , Miscellaneous antivirals  , chronic hepatitis C
514,Spiriva  ,5.7,115, Prescription only  , Anticholinergic bronchodilators  , COPD (chronic obstructive pulmonary disease)
515,Spironolactone  ,6.9,662, Prescription only  , Aldosterone receptor antagonists  , heart failure
516,Sprycel  ,7.4,20, Prescription only  , BCR-ABL tyrosine kinase inhibitors  , chronic myelogenous leukemia
517,Stelara  ,7.4,225, Prescription only  , Interleukin inhibitors  , plaque psoriasis
518,Stribild  ,9.5,90, Prescription only  , Antiviral combinations  , human immunodeficiency virus (HIV)
519,Suboxone  ,8.7,706, Prescription only  , Narcotic analgesic combinations  , narcotic (opiate) addiction
520,Sucralfate  ,6.4,213, Prescription only  , Miscellaneous GI agents  , duodenal ulcer
521,Sulfamethoxazole and trimethoprim  ,4.9,1678, Prescription only  , Sulfonamides  , traveler's diarrhea
522,Sulindac  ,6.5,27, Prescription only  , Nonsteroidal anti-inflammatory drugs  , pain
523,Sutent  ,7.5,30, Prescription only  , Multikinase inhibitors  , tumors of the stomach
524,Symbicort  ,6.5,214, Prescription only  , Bronchodilator combinations  , asthma
525,Synthroid  ,6.1,184, Prescription only  , Thyroid drugs  , hypothyroidism (low thyroid hormone)
526,Tadalafil  ,8.4,725, Prescription only  , Agents for pulmonary hypertension  , erectile dysfunction (impotence)
527,Taltz  ,6.8,175, Prescription only  , Interleukin inhibitors  , plaque psoriasis
528,Tamiflu  ,5.9,557, Prescription only  , Neuraminidase inhibitors  , influenza
529,Tamoxifen  ,5.5,93, Prescription only  , Hormones / antineoplastics  , breast cancer
530,Tamsulosin  ,5.7,527, Prescription only  , Alpha-adrenoreceptor antagonists  , benign prostatic hyperplasia
531,Tazarotene  ,7.3,62, Prescription only  , Topical acne agents  , acne vulgaris
532,Tazorac  ,7.8,38, Prescription only  , Topical acne agents  , acne vulgaris
533,Tegretol  ,6.9,123, Prescription only  , Dibenzazepine anticonvulsants  , seizures
534,Telmisartan  ,5.4,84, Prescription only  , Angiotensin receptor blockers  , high blood pressure
535,Temazepam  ,6.4,433, Prescription only  , Benzodiazepines  , insomnia
536,Tenormin  ,8.0,26, Prescription only  , Cardioselective beta blockers  , angina
537,Tetracycline  ,6.5,62, Prescription only  , Tetracyclines  , gonorrhea
538,Theophylline  ,8.1,16, Prescription only  , Methylxanthines  , asthma
539,Tizanidine  ,6.2,358, Prescription only  , Skeletal muscle relaxants  , muscle tone
540,Tolterodine  ,6.5,72, Prescription only  , Urinary antispasmodics  , urinary frequency
541,Topamax  ,6.2,623, Prescription only  , Carbonic anhydrase inhibitor anticonvulsants  , migraine
542,Topiramate  ,6.3,1281, Prescription only  , Carbonic anhydrase inhibitor anticonvulsants  , seizures
543,Toprol XL  ,6.5,59, Prescription only  , Cardioselective beta blockers  , angina
544,Toradol  ,6.5,257, Discontinued  , Nonsteroidal anti-inflammatory drugs  , pain
545,Tradjenta  ,3.0,61, Prescription only  , Dipeptidyl peptidase 4 inhibitors  , type 2 diabetes mellitus
546,Tranexamic acid  ,6.9,259, Prescription only  , Miscellaneous coagulation modifiers  , hemophilia
547,Trazodone  ,6.3,1364, Prescription only  , Phenylpiperazine antidepressants  , major depressive disorder
548,Trelegy Ellipta  ,5.8,132, Prescription only  , Bronchodilator combinations  , COPD (chronic obstructive pulmonary disease)
549,Tremfya  ,6.7,59, Prescription only  , Interleukin inhibitors  , plaque psoriasis
550,Triamterene  ,6.1,9, Prescription only  , Potassium-sparing diuretics  , fluid retention (edema)
551,Trileptal  ,7.9,84, Prescription only  , Dibenzazepine anticonvulsants  , antiepileptic medicine
552,Trintellix  ,5.9,1044, Prescription only  , Miscellaneous antidepressants  , major depressive disorder
553,Triumeq  ,8.3,119, Prescription only  , Antiviral combinations  , human immunodeficiency virus (HIV)
554,Tylenol  ,6.2,28, Rx and/or OTC  , Miscellaneous analgesics  , headache
555,Tylenol with Codeine #3  ,4.7,151, Discontinued  , Narcotic analgesic combinations  , pain
556,Tysabri  ,7.8,97, Prescription only  , Selective immunosuppressants  , multiple sclerosis
557,Ubrelvy  ,5.4,179, Prescription only  , CGRP inhibitors  , migraine headache
558,Uceris  ,5.5,29, Prescription only  , Glucocorticoids  , ulcerative colitis
559,UlcerEase  ,5.2,41, Rx and/or OTC  , Topical anesthetics  , dandruff
560,Ulipristal  ,7.2,704, Prescription only  , Progesterone receptor modulators  , birth control
561,Uloric  ,8.1,46, Prescription only  , Antihyperuricemic agents  , gout symptoms
562,Ultracet  ,7.6,31, Prescription only  , Narcotic analgesic combinations  , moderate to severe pain
563,Ultram  ,6.2,229, Prescription only  , Opioids (narcotic analgesics)  , severe pain
564,Ultram ER  ,7.8,34, Discontinued  , Opioids (narcotic analgesics)  , pain
565,Umeclidinium  ,3.0,31, Prescription only  , Anticholinergic bronchodilators  , COPD
566,Umeclidinium and vilanterol  ,7.1,64, Prescription only  , Bronchodilator combinations  , COPD
567,Unisom  ,5.6,78, Rx and/or OTC  ," Miscellaneous anxiolytics, sedatives and hypnotics  ", runny nose
568,Uptravi  ,4.9,23, Prescription only  , Agents for pulmonary hypertension  , pulmonary arterial hypertension
569,Uribel  ,6.4,37, Prescription only  , Urinary antispasmodics  , pain
570,Uricalm  ,7.1,31, Rx and/or OTC  , Miscellaneous genitourinary tract agents  , pain
571,Uroxatral  ,6.2,20, Prescription only  , Alpha-adrenoreceptor antagonists  , benign prostatic hyperplasia
572,Ursodiol  ,8.0,27, Prescription only  , Gallstone solubilizing agents  , gallstones
573,Valacyclovir  ,8.4,471, Prescription only  , Purine nucleosides  , cold sores
574,Valium  ,8.7,321, Prescription only  , Benzodiazepine anticonvulsants  , anxiety
575,Valproic acid  ,5.8,55, Prescription only  , Fatty acid derivative anticonvulsants  , bipolar disorder
576,Valsartan  ,5.6,136, Prescription only  , Angiotensin receptor blockers  , high blood pressure
577,Valtrex  ,8.7,293, Prescription only  , Purine nucleosides  , cold sores
578,Vancomycin  ,6.6,45, Prescription only  , Glycopeptide antibiotics  , diarrhea
579,Varenicline  ,8.6,1648, Prescription only  , Smoking cessation agents  , smoking cessation
580,Vascepa  ,5.9,106, Prescription only  , Miscellaneous antihyperlipidemic agents  , heart attack
581,Venlafaxine  ,6.4,2645, Prescription only  , Serotonin-norepinephrine reuptake inhibitors  , major depressive disorder
582,Ventolin HFA  ,7.2,19, Prescription only  , Adrenergic bronchodilators  , bronchospasm
583,Verapamil  ,7.7,173, Prescription only  , Calcium channel blocking agents  , high blood pressure
584,VESIcare  ,5.6,139, Prescription only  , Urinary antispasmodics  , overactive bladder
585,Viagra  ,8.6,256, Prescription only  , Impotence agents  , erectile dysfunction
586,Vicodin  ,7.8,143, Discontinued  , Narcotic analgesic combinations  , pain
587,Victoza  ,7.7,751, Prescription only  , Incretin mimetics  , type 2 diabetes mellitus
588,Viibryd  ,5.8,830, Prescription only  , Miscellaneous antidepressants  , major depressive disorder
589,Vilazodone  ,5.8,937, Prescription only  , Miscellaneous antidepressants  , major depressive disorder
590,Vimpat  ,6.7,151, Prescription only  , Miscellaneous anticonvulsants  , partial-onset seizures
591,Vistaril  ,5.6,223, Discontinued  , Antihistamines  , hives
592,Vivitrol  ,7.7,195, Prescription only  , Drugs used in alcohol dependence  , opioid use disorder
593,Voltaren  ,7.4,165, Prescription only  , Nonsteroidal anti-inflammatory drugs  , osteoarthritis
594,Voltaren Arthritis Pain Gel  ,7.1,258, Over the counter  , Topical non-steroidal anti-inflammatories  , osteoarthritis
595,Vortioxetine  ,6.0,1428, Prescription only  , Miscellaneous antidepressants  , major depressive disorder
596,Votrient  ,8.2,81, Prescription only  , VEGF/VEGFR  inhibitors  , renal cell carcinoma
597,Vytorin  ,7.5,20, Prescription only  , Antihyperlipidemic combinations  , lower total cholesterol
598,Wakix  ,5.2,15, Prescription only  , CNS stimulants  , narcolepsy
599,Warfarin  ,8.2,54, Prescription only  , Coumarins and indandiones  , stroke
600,Welchol  ,8.0,43, Prescription only  , Bile acid sequestrants  , high cholesterol
601,Wellbutrin SR  ,7.2,142, Prescription only  , Miscellaneous antidepressants  , major depressive disorder
602,Wellbutrin XL  ,7.4,466, Prescription only  , Miscellaneous antidepressants  , major depressive disorder
603,WP Thyroid  ,4.8,23, Prescription only  , Thyroid drugs  , low thyroid
604,Xalatan  ,7.4,12, Prescription only  , Ophthalmic glaucoma agents  , glaucoma
605,Xanax  ,8.7,892, Prescription only  , Benzodiazepines  , anxiety disorders
606,Xarelto  ,5.5,214, Prescription only  , Factor Xa inhibitors  ," venous thromboembolism, or VTE"
607,Xeloda  ,6.7,30, Prescription only  , Antimetabolites  , breast cancer
608,Xenical  ,8.3,116, Prescription only  , Peripherally acting antiobesity agents  , weight loss
609,Xgeva  ,6.1,8, Prescription only  , Miscellaneous bone resorption inhibitors  , multiple myeloma
610,Xiaflex  ,2.9,91, Prescription only  , Miscellaneous uncategorized agents  , Dupuytren's contracture
611,Xifaxan  ,6.3,90, Prescription only  , Miscellaneous antibiotics  , irritable bowel syndrome
612,Xigduo XR  ,7.2,16, Prescription only  , Antidiabetic combinations  , type 2 diabetes mellitus
613,Xofluza  ,7.5,24, Prescription only  , Miscellaneous antivirals  , influenza virus
614,Xolair  ,7.5,192, Prescription only  , Selective immunosuppressants  , asthma
615,Xopenex  ,8.9,15, Prescription only  , Adrenergic bronchodilators  , bronchospasm
616,Xtandi  ,5.1,17, Prescription only  , Antiandrogens  , prostate cancer
617,Xyrem  ,7.6,107, Prescription only  ," Miscellaneous anxiolytics, sedatives and hypnotics  ", narcolepsy
618,Xywav  ,7.0,9, Prescription only  ," Miscellaneous anxiolytics, sedatives and hypnotics  ", narcolepsy
619,Xyzal  ,5.4,281, Prescription only  , Antihistamines  , runny nose
620,Yasmin  ,5.2,586, Prescription only  , Contraceptives  , contraception
621,Yaz  ,5.9,945, Prescription only  , Contraceptives  , contraception
622,Zaditor  ,5.9,8, Over the counter  , Ophthalmic antihistamines and decongestants  , runny nose
623,Zaleplon  ,5.3,134, Prescription only  ," Miscellaneous anxiolytics, sedatives and hypnotics  ", insomnia
624,Zantac  ,7.6,83, Discontinued  , H2 antagonists  , gastroesophageal reflux disease (GERD)
625,Zenpep  ,7.3,11, Prescription only  , Digestive enzymes  , inflammation of the pancreas
626,Zenzedi  ,8.3,28, Prescription only  , CNS stimulants  , nerves
627,Zestril  ,6.7,12, Prescription only  , Angiotensin Converting Enzyme Inhibitors  , high blood pressure
628,Zetia  ,4.3,66, Prescription only  , Cholesterol absorption inhibitors  , high cholesterol
629,Ziprasidone  ,5.6,460, Prescription only  , Atypical antipsychotics  , schizophrenia
630,Zocor  ,5.0,22, Prescription only  , Statins  , cholesterol
631,Zofran  ,8.0,258, Prescription only  , 5HT3 receptor antagonists  , chemotherapy
632,Zofran ODT  ,7.3,56, Prescription only  , 5HT3 receptor antagonists  , nausea
633,Zoladex  ,6.7,90, Prescription only  , Gonadotropin releasing hormones  , prostate cancer
634,Zoledronic acid  ,4.8,337, Prescription only  , Bisphosphonates  , osteoporosis
635,Zolmitriptan  ,7.5,158, Prescription only  , Antimigraine agents  , headache
636,Zolpidem  ,6.9,1022, Prescription only  ," Miscellaneous anxiolytics, sedatives and hypnotics  ", insomnia
637,Zometa  ,4.5,41, Prescription only  , Bisphosphonates  , hypercalcemia
638,Zomig  ,7.0,96, Prescription only  , Antimigraine agents  , migraine
639,Zonegran  ,6.6,65, Prescription only  , Carbonic anhydrase inhibitor anticonvulsants  , partial seizures
640,Zonisamide  ,5.5,140, Prescription only  , Carbonic anhydrase inhibitor anticonvulsants  , seizures
641,Zovirax  ,8.2,17, Prescription only  , Purine nucleosides  , cold sores
642,Zubsolv  ,7.3,120, Prescription only  , Narcotic analgesic combinations  , opioid addiction
643,Zyprexa  ,5.8,390, Prescription only  , Atypical antipsychotics  , schizophrenia
644,Zyrtec  ,5.8,195, Rx and/or OTC  , Antihistamines  , runny nose
645,Zytiga  ,8.5,37, Prescription only  , Miscellaneous antineoplastics  , prostate cancer
646,Zyvox  ,8.8,27, Prescription only  , Oxazolidinone antibiotics  , pneumonia
647,5-HTP  ,6.5,149, Over the counter  , Herbal products  , depression
648,5-hydroxytryptophan  ,6.4,185, Over the counter  , Herbal products  , depression
